encounter_id,patient_id,admit_date,discharge_date,length_of_stay_days,department,diagnosis,procedure_code,total_cost,readmitted_30_days
E1001,P001,2026-01-03,2026-01-06,3,Cardiology,Hypertension,I10,4200.5,False
E1002,P002,2026-01-05,2026-01-07,2,Emergency,Type 2 diabetes,E11,2300.0,True
E1003,P003,2026-01-09,2026-01-16,7,Orthopedics,Hip fracture,S72,18750.75,False
E1004,P001,2026-02-10,2026-02-11,1,Primary Care,Follow-up exam,Z09,350.0,False
E1005,P004,2026-02-12,2026-02-12,0,Emergency,Asthma,J45,980.25,False
E1006,P005,2026-02-19,2026-02-26,7,Oncology,Lung cancer,C34,32450.0,True
E1007,P006,2026-03-03,2026-03-08,5,Neurology,Stroke,I63,22100.9,False
E1008,P007,2026-03-11,2026-03-11,0,Primary Care,Annual exam,Z00,220.0,False
